{"loss": 0.792302131652832, "accuracy": 0.73580002784729}